job_title,category,company_name,city,country,state,post_date,job_type,salary_offered,job_board,uniq_id,job_skills
Sr. Software Developer,architecture and engineering,Aerotek,Raleigh,Usa,North carolina,2/5/2025,Full Time,156914,careerbuilder,f986480a8dabeea299b732335c3ffc67,"Pandas, Pandas, Azure, GCP"
Software Developer - .Net,architecture and engineering,National General Insurance,Irvine,Usa,California,2/5/2025,Full Time,116352,careerbuilder,e3f78c8c36195e4438286bb9395085a0,"C#, .NET Core, Entity Framework, SQL Server"
.Net Software Developer,architecture and engineering,Robert Half Technology,Madison,Usa,New jersey,2/6/2025,Contract,128285,careerbuilder,80ea9ad32ffe075c323e68e2ec254deb,"C#, .NET Core, Entity Framework, SQL Server"
Senior Java Software Developer,architecture and engineering,BioTelemetry,San Diego,Usa,California,2/5/2025,Full Time,82752,careerbuilder,6f7f350a98796d11251379f2dee08443,"AWS, Docker, Postman, LoadRunner"
Software Developer/Engineer,architecture and engineering,Alliance of Professionals & Consultants,Tarrytown,Usa,Ohio,2/5/2025,Contract,155921,careerbuilder,0ec416d41410cde0d311276adaaf2e65,"HTML/CSS, Bootstrap, Express, Django"
Software Developer,architecture and engineering,CoStar Group,Portland,Usa,Oregon,2/5/2025,Full Time,123527,careerbuilder,11d827fe1ed2dcdced2fe1dee796e8c6,"Selenium, Postman, AWS, Azure"
Sr. Software Developer,production and ops,Randstad Technologies,Houston,Usa,Texas,2/5/2025,Full Time,108944,monster,5362d425d02e743229d5217dcf59bfb1,"Express, GoLang, Docker, Azure"
Junior Software Developer,arts design and media,Kforce Technology,Windsor,Usa,Connecticut,2/5/2025,Contract,148271,careerbuilder,9fef40f996ddd88c2350fb9a0c3994a4,"Pytest, Pytest, Python, SQL"
Jr. Software Developer,arts design and media,ACET,Chantilly,Usa,Virginia,2/5/2025,Full Time,114588,careerbuilder,37f848509a764796651fba9b7adde5d0,"Selenium, Jest, Node.js, GoLang"
Software Developer/Designer,arts design and media,Confidential,Indianapolis,Usa,Indiana,2/5/2025,Full Time,80458,careerbuilder,c6cc012139fd1b9159c9ab90cfc49a8a,"TypeScript, TypeScript, Power BI, Scikit-learn"
Software Developer/Designer,arts design and media,Confidential,Indianapolis,Usa,Indiana,10/12/2024,Full Time,119698,careerbuilder,c6cc012139fd1b9159c9ab90cfc49a8a,"Terraform, Kubernetes, Problem Solving, Critical Thinking"
SharePoint Application Developer/ Share Point Software developer,food services,Metasys Technologies,Tarrytown,Usa,Ohio,4/5/2025,Full Time ,139608,Indeed,0ec416d41410cde0d311276adaaf2e65,"Teamwork, Problem Solving, Kubernetes, Terraform"
Software Developer,legal,Populus Group,Troy,Usa,Michigan,5/12/2025,Full Time,118716,careerbuilder,3829cc335511ac561b8db6291646742b,"Kubernetes, Azure, Angular, React"
Software Developer in Test,life physical and social science,Fahrenheit IT,West Chester,Usa,Pennsylvania,6/18/2025,Full Time,85615,careerbuilder,1af8d25665c16342bf3a3e4a39cde3ae,"Selenium, Postman, Cypress, CI/CD"
Lead Software Developer,technology,Genesis10,Canonsburg,Usa,Pennsylvania,7/22/2025,Full Time,141898,careerbuilder,6ee3147d5912bc4c99bd765ccb4b123f,"Vue.js, HTML/CSS, AWS, Azure"
Senior Software Developer,architecture and engineering,MSX International,Dearborn,Usa,Michigan,8/30/2025,Full Time,99624,careerbuilder,fb6a2adf09912a625e49f0bd6d6a233d,"Ruby on Rails, Flask, Kubernetes, Azure"
Software Developer,architecture and engineering,AppleOne,Overland Park,Usa,Kansas,9/15/2025,Full Time,91289,careerbuilder,319f118fec9f30e633b775e51b30f20f,"Power BI, Scikit-learn, Cypress, Postman"
Software Developer,architecture and engineering,Advantage Resourcing,Mountain View,Usa,California,10/10/2025,Contract,104514,careerbuilder,96a4aac1bc28f87149b813ab3eb9d874,"TypeScript, React, Pytest, Postman"
Software Developer-SR,architecture and engineering,Tailored Management,Columbus,Usa,Ohio,11/5/2025,Full Time,85669,careerbuilder,a10c636630e709754fe5ee6a0ebc45f0,"Angular, Angular, Cypress, Cypress"
Business Software Developer,arts design and media,Samson Rope Technologies,Ferndale,Usa,Washington,4/25/2026,Full Time,101312,careerbuilder,09aaf9b2d0ce9ba280296a28735ac52a,"Teamwork, Leadership, Jest, Selenium"
Software Developer - IOS/macOS,arts design and media,Volt,Cupertino,Usa,California,5/30/2026,Full Time,101065,careerbuilder,2c9735b2c58f7af53beb3a2761025723,"Critical Thinking, Teamwork, Jest, LoadRunner"
Software Developer,arts design and media,Collabera,Spring,Usa,Texas,7/15/2026,Contract,89257,careerbuilder,50fb0e7ac34edad95efe647e63549e41,"Vue.js, Vue.js, Express, Flask"
Sr. Software Developer,architecture and engineering,Aerotek,Raleigh,Usa,North carolina,3/15/2024,Full Time,141061,careerbuilder,f986480a8dabeea299b732335c3ffc67,"SQL, Numpy, Postman, LoadRunner"
Software Developer - .Net,architecture and engineering,National General Insurance,Irvine,Usa,California,5/22/2024,Full Time,115903,careerbuilder,e3f78c8c36195e4438286bb9395085a0,"C#, .NET Core, Entity Framework, SQL Server"
.Net Software Developer,architecture and engineering,Robert Half Technology,Madison,Usa,New jersey,7/10/2024,Contract,156573,careerbuilder,80ea9ad32ffe075c323e68e2ec254deb,"C#, .NET Core, Entity Framework, SQL Server"
Senior Java Software Developer,architecture and engineering,BioTelemetry,San Diego,Usa,California,9/5/2024,Full Time,142273,careerbuilder,6f7f350a98796d11251379f2dee08443,"Django, Express, Teamwork, Critical Thinking"
Software Developer/Engineer,architecture and engineering,Alliance of Professionals & Consultants,Tarrytown,Usa,Ohio,2/5/2025,Full Time ,156856,CareerBuilder ,0ec416d41410cde0d311276adaaf2e65,"Express, GoLang, Postman, LoadRunner"
Software Developer,architecture and engineering,CoStar Group,Portland,Usa,Oregon,2/29/2024,Full Time,81801,careerbuilder,11d827fe1ed2dcdced2fe1dee796e8c6,"Terraform, GCP, Scikit-learn, Pandas"
Sr. Software Developer,production and ops,Randstad Technologies,Houston,Usa,Texas,1/8/2025,Full Time,124341,monster,5362d425d02e743229d5217dcf59bfb1,"Problem Solving, Critical Thinking, Pytest, Jest"
Junior Software Developer,arts design and media,Kforce Technology,Windsor,Usa,Connecticut,5/5/2024,Contract,94242,careerbuilder,9fef40f996ddd88c2350fb9a0c3994a4,"Vue.js, Bootstrap, AWS, Docker"
Jr. Software Developer,arts design and media,ACET,Chantilly,Usa,Virginia,3/1/2024,Full Time,151410,careerbuilder,37f848509a764796651fba9b7adde5d0,"Flask, Express, Pytest, Postman"
Software Developer/Designer,arts design and media,Confidential,Indianapolis,Usa,Indiana,5/14/2024,Full Time,90278,careerbuilder,c6cc012139fd1b9159c9ab90cfc49a8a,"Pytest, Cypress, Pandas, Numpy"
Software Developer,legal,Populus Group,Troy,Usa,Michigan,8/9/2024,Full Time,98210,careerbuilder,3829cc335511ac561b8db6291646742b,"Kubernetes, Docker, HTML/CSS, Vue.js"
Software Developer in Test,life physical and social science,Fahrenheit IT,West Chester,Usa,Pennsylvania,10/29/2024,Full Time,85494,careerbuilder,1af8d25665c16342bf3a3e4a39cde3ae,"Selenium, Postman, Cypress, CI/CD"
Lead Software Developer,technology,Genesis10,Canonsburg,Usa,Pennsylvania,5/1/2024,Full Time,133533,careerbuilder,6ee3147d5912bc4c99bd765ccb4b123f,"GCP, Terraform, Node.js, Django"
Senior Software Developer,architecture and engineering,MSX International,Dearborn,Usa,Michigan,7/12/2024,Full Time,153420,careerbuilder,fb6a2adf09912a625e49f0bd6d6a233d,"Bootstrap, TypeScript, Jest, Selenium"
Software Developer,architecture and engineering,AppleOne,Overland Park,Usa,Kansas,9/28/2024,Full Time,89718,careerbuilder,319f118fec9f30e633b775e51b30f20f,"AWS, AWS, React, React"
Software Developer,architecture and engineering,Advantage Resourcing,Mountain View,Usa,California,11/15/2024,Contract,98816,careerbuilder,96a4aac1bc28f87149b813ab3eb9d874,"Selenium, LoadRunner, Leadership, Communication"
Software Developer-SR,architecture and engineering,Tailored Management,Columbus,Usa,Ohio,2/10/2025,Full Time,147047,careerbuilder,a10c636630e709754fe5ee6a0ebc45f0,"Django, Flask, Terraform, AWS"
Business Software Developer,arts design and media,Samson Rope Technologies,Ferndale,Usa,Washington,5/9/2024,Full Time,147356,careerbuilder,09aaf9b2d0ce9ba280296a28735ac52a,"Teamwork, Critical Thinking, Express, Django"
Software Developer - IOS/macOS,arts design and media,Volt,Cupertino,Usa,California,7/24/2024,Full Time,157768,careerbuilder,2c9735b2c58f7af53beb3a2761025723,"Bootstrap, Angular, Communication, Leadership"
Software Developer,arts design and media,Collabera,Spring,Usa,Texas,6/5/2024,Contract,95610,careerbuilder,50fb0e7ac34edad95efe647e63549e41,"Pandas, Python, Communication, Problem Solving"
Sr. Software Developer (Java),arts design and media,Hunter Technical Resources,St. Louis,Usa,Missouri,4/26/2024,Full Time,116033,careerbuilder,0f604bcd8520816cd38b1d59abe0b21a,"Flask, GoLang, Pytest, Cypress"
Software Developer - I,arts design and media,Kelly IT Resources,Hillsboro,Usa,Oregon,7/7/2024,Full Time,85772,careerbuilder,ae391b8548ad5c80a02ec52fe7aa3e68,"TypeScript, TypeScript, Pytest, Pytest"
Software Developer (.NET C# / Javascript),Computer/Internet,Brechbuhler Scales,Tarrytown and Affiliates,Usa,Ohio,10/22/2024,Contract,139009,Indeed,e5774a353e434748727b60de380fa9f4,"Java, Spring Boot, REST APIs, Maven, JUnit, C#, .NET Core, Entity Framework, SQL Server"
Software Developer, Computer/Internet,Open Systems Technologies Inc,Grand Rapids,Usa,Ohio,5/28/2024,Full-time ,108839,indeed,b124c4a4e1561705e37c31959ce550de,"Pytest, LoadRunner, Leadership, Leadership"
Software Developer/Software Engineer - .Net/AngularJS,food services,Rawlings Group,La Grange,Usa,Louisiana,9/11/2024,Full Time,91994,careerbuilder,fd94c40002d63f9fb616f2b4230815c4,"C#, .NET Core, Entity Framework, SQL Server"
Java Developer (Java Software Developer),arts design and media,Computer Enterprises,Tarrytown ,Usa,Ohio,9/9/2024,Full Time,87385,monster,0ec416d41410cde0d311276adaaf2e65,"Express, GoLang, Docker, Azure"
Sr. Full Stack Software Developer,technology,The Select Group,Atlanta,Usa,Georgia,6/25/2024,Contract,151196,careerbuilder,36f1ea8e970aea5ef3b6134a01204cd0,"React, Node.js, MongoDB, HTML/CSS"
Sr. Software Developer - Virtual,architecture and engineering,ClearCaptions LLC,Roseville,Usa,California,8/28/2024,Full Time,131372,careerbuilder,92882a2b1a5de2c460fe8be2be768466,"Angular, React, Pandas, Python"
Software Developer - Single Sign On,architecture and engineering,Experis,Maple Plain,Usa,Minnesota,5/7/2024,Full Time,115261,careerbuilder,af7dd5fdffe981d7de3cce29b53c7c5e,"GCP, Terraform, Critical Thinking, Teamwork"
DevOps Software Developer,food services,Abbtech Professional Resources,Pocatello,Usa,Idaho,8/19/2024,Full Time,84386,careerbuilder,52bd8426f5dc3474aca0187d614f328d,"Django, Express, Problem Solving, Teamwork"
Senior Software Developer & Founding Team Member,Computer/Internet,Outside Sunday,Tarrytown,Usa,Ohio,7/26/2024,"Part-time, Contract ",107887,indeed,c5553dac706a2f01967671dffb53b303,"Communication, Teamwork, Terraform, Kubernetes"
R&D Software Developer Intern,installation maintenance and repair,Ortho Clinical Diagnostics,Tarrytown,Usa,Ohio,4/5/2025,Full Time,120793,indeed,0ec416d41410cde0d311276adaaf2e65,"Basic Programming, Communication, Teamwork"
Software Developer,sales,Trumpf,Farmington,Usa,Connecticut,7/22/2024,Full Time,110581,careerbuilder,cfd00e0797e062f1addaaef07fc10572,"HTML/CSS, Bootstrap, Numpy, Python"
Internet Software Developer,Computer/Internet,Songtradr,Tarrytown,Usa,Ohio,9/7/2024,Full Time,91735,indeed,cbd3952091d0d6357bced2bf36852e9a,"Basic Programming, Communication, Teamwork"
Software Developer,Computer/Internet,South Data,Mount Airy,Usa,Ohio,7/28/2024,Full Time,137847,indeed,38e6933c26333171491a5b9f4c9f497e,"Problem Solving, Problem Solving, Numpy, Pandas"
Junior-Midlevel Software Developer,arts design and media,Vaco Technology,Memphis,Usa,Tennessee,9/3/2024,Full Time,147212,careerbuilder,acdec82161e6df7ba7597d09ee719640,"Azure, Terraform, Jest, LoadRunner"
Software Developer,Computer/Internet,Spalding Consulting,Tarrytown,Usa,Ohio,6/17/2024,Full Time,146616,indeed,38bd30b6e2584a3c3cbece7ff1bc6493,"Flask, Flask, Selenium, LoadRunner"
Manufacturing Software Developer,manufacturing,Ford,Sunrise,Usa,Florida,9/25/2024,Full Time,105524,monster,264f8e7421cd87cccfd816041abac984,"Critical Thinking, Problem Solving, GCP, AWS"
RPG Software Developer * IT,life physical and social science,City Furniture,Tarrytown,Usa,Ohio,8/25/2024,Full Time,134954,monster,0ec416d41410cde0d311276adaaf2e65,"HTML/CSS, TypeScript, Critical Thinking, Leadership"
Software Developer 2,technology,Ogletree Deakins,Greenville,Usa,South carolina,7/15/2024,Full Time,105922,careerbuilder,9fe1aec9dae74bdd9abb3e85f88aad21,"Ruby on Rails, GoLang, GCP, AWS"
Lead Full-Stack Software Developer,architecture and engineering,ICONMA,Bellevue,Usa,Washington,10/9/2024,Contract,116731,careerbuilder,792e7e4f5f58b2eef13774eff2c5dfdd,"Communication, Problem Solving, Flask, Express"
Senior .NET Software Developer (01-002),arts design and media,Strongbridge LLC,Sterling,Usa,Virginia,8/13/2024,Full Time,129808,careerbuilder,917e91a9a4c88af52c8d314453d08254,"C#, .NET Core, Entity Framework, SQL Server"
Senior C++ Software Developer,life physical and social science,Scientific Research Corp,Patuxent River,Usa,Maryland,7/4/2024,Full Time,92858,careerbuilder,bf040fc7c18b947beb3602c815c9e4b5,"Leadership, Teamwork, Scikit-learn, SQL"
Software Developer/Guidewire Developer,arts design and media,Savvy Info Systems Inc.,Schaumburg,Usa,Illinois,9/17/2024,Full Time,96482,careerbuilder,5730a5bf0a77f4c82538293243933e72,"Flask, Node.js, Power BI, Power BI"
Intern Software Developer,arts design and media,O'Reilly Auto Parts,Springfield,Usa,Missouri,5/26/2024,Part Time,120943,careerbuilder,36928a6538086be83799e90edf5cdb9e,"Basic Programming, Communication, Teamwork"
Software Developer,food services,SS&C Technologies Inc,Newtown,Usa,Connecticut,8/23/2024,Full Time,148918,careerbuilder,ab95cb3df02d85e4a993f36b689187c4,"React, HTML/CSS, Python, Power BI"
Full Stack Software Developer,manufacturing and production,HKA Enterprises,Greer,Usa,South carolina,7/18/2024,Contract,88215,careerbuilder,f0b790903741b879800b84c26b6974ac,"React, Node.js, MongoDB, HTML/CSS"
Senior Software Developer,architecture and engineering,ettain group,Kansas City,Usa,Missouri,10/24/2024,Full Time,145649,careerbuilder,166a48a30c990432c2668ecb63b875ab,"Flask, GoLang, Communication, Teamwork"
Software Developer,arts design and media,Avineon,Fort Belvoir,Usa,Ohio,7/2/2024,Full Time,86215,indeed,0ec416d41410cde0d311276adaaf2e65,"LoadRunner, Pytest, GCP, Kubernetes"
Software Developer/ Adaptive Technology Specialist,Arts/Entertainment/Publishing,University of California, Santa Barbara,Usa,Ohio,5/30/2024,Contract,119620,indeed,29784fc68627de841a7a3bd132cd6e0f,"Docker, GCP, TypeScript, React"
Sr. Software Developer,architecture and engineering,Aerotek,Raleigh,Usa,North carolina,2/5/2025,Full Time,112898,careerbuilder,f986480a8dabeea299b732335c3ffc67,"Numpy, Python, AWS, Terraform"
Software Developer - .Net,architecture and engineering,National General Insurance,Irvine,Usa,California,2/5/2025,Full Time,139739,careerbuilder,e3f78c8c36195e4438286bb9395085a0,"C#, .NET Core, Entity Framework, SQL Server"
.Net Software Developer,architecture and engineering,Robert Half Technology,Madison,Usa,New jersey,2/6/2025,Contract,113607,careerbuilder,80ea9ad32ffe075c323e68e2ec254deb,"C#, .NET Core, Entity Framework, SQL Server"
Senior Java Software Developer,architecture and engineering,BioTelemetry,San Diego,Usa,California,2/5/2025,Full Time,82273,careerbuilder,6f7f350a98796d11251379f2dee08443,"Critical Thinking, Teamwork, Vue.js, Angular"
Software Developer,architecture and engineering,CoStar Group,Portland,Usa,Oregon,2/5/2025,Full Time,107887,careerbuilder,11d827fe1ed2dcdced2fe1dee796e8c6,"Pytest, LoadRunner, AWS, GCP"
Sr. Software Developer,production and ops,Randstad Technologies,Houston,Usa,Texas,2/5/2025,Full Time,81781,monster,5362d425d02e743229d5217dcf59bfb1,"AWS, Azure, LoadRunner, Jest"
Software Developer,Computer/Internet,Verra Mobility,Mesa,Usa,Arizona,2/5/2024,Full Time,107454,indeed,9403ba9d07c158b1c8d82172c3924fee,"SQL, SQL, Selenium, Selenium"
Full Stack Software Developer,Computer/Internet,Radiant Solutions,Herndon,Usa,Virginia,2/5/2024,Full Time,107794,indeed,47c641b0c884b0ad895fda98c3587e0b,"React, Node.js, MongoDB, HTML/CSS"
Cloud Software Developer,Computer/Internet,Cisco Careers,San Jose,Usa,California,2/5/2024,Full Time,117478,indeed,8e6921decefbfc58f59fbdc2c04c60f9,"Cypress, Cypress, Docker, Docker"
Software Developer IV,Computer/Internet,ITAGroup,West Des Moines,Usa,Iowa,2/5/2024,Full Time,126934,indeed,864b253e55744e21f8507bea2c931bb0,"Flask, Node.js, Docker, GCP"
GIS SOFTWARE DEVELOPER,Computer/Internet,EBA Engineering,Lancaster,Usa,Pennsylvania,2/5/2024,Full Time,99330,indeed,facb0f82cbcab28bd0ae398dd8c1205d,"Terraform, AWS, Vue.js, HTML/CSS"
Software Developer Automation Engineer .NET,Computer/Internet,Accent Consulting,Lafayette,Usa,Indiana,2/5/2024,Full Time,143388,indeed,35b621ef5ab2bfafb8549f0228cdad14,"C#, .NET Core, Entity Framework, SQL Server"
Software Developer III,Computer/Internet,FedEx Services,Collierville,Usa,Tennessee,2/5/2024,Full Time,138090,indeed,96300fe36548e0f425500aab3795fbc4,"Python, Power BI, Kubernetes, GCP"
Sr. Software Developer - Retail Sales Team,Computer/Internet,U-Haul,Phoenix,Usa,Arizona,2/5/2024,Full Time,125768,indeed,2f0b0129e8cf30b01e027437ed4ab8af,"LoadRunner, Selenium, Docker, Docker"
Senior Software Developer,it,Kratos Defense & Security Solutions,Dahlgren,Usa,Virginia,1/30/2024,Full Time,121505,monster,b7d074f1777f311f734b53cdf49a3fe7,"Angular, HTML/CSS, Node.js, Express"
Software Developer - Resiliency Engineer,human resources,USAA,San Antonio,Usa,Texas,2/5/2024,Full Time,86906,monster,3413fb7161ef7e99675693b1b0604cb7,"Python, Python, GoLang, Flask"
DevOps Software Developer,food services,Abbtech Professional Resources,Pocatello,Usa,Idaho,2/5/2024,Full Time,118389,careerbuilder,52bd8426f5dc3474aca0187d614f328d,"Problem Solving, Communication, Vue.js, Bootstrap"
New Business Implementations Software Developer,Computer/Internet,DentaQuest,Milwaukee,Usa,Wisconsin,2/5/2024,Full Time,118680,indeed,8fabb25b16bbca2404d14971467ba436,"HTML/CSS, HTML/CSS, Selenium, Pytest"
Mobile Software Developer,Computer/Internet,Transcendent Corporation,Oldsmar,Usa,Florida,2/5/2024,Full Time,134434,indeed,7d1d0252506749ea827a59e591ce35ea,"Power BI, ETL, DAX, SQL"
Full-Stack Software Developer,Computer/Internet,Micron,Boise,Usa,Idaho,2/5/2025,Full Time,126453,indeed,1bcc3b6f0f0c1c8187726d10e1cc3088,"HTML/CSS, HTML/CSS, Pandas, Scikit-learn"
Software Developer (Full Stack),Computer/Internet,Environmental Science Associates,West,Usa,Texas,2/5/2025,Full Time,94734,indeed,1fb5f2809fa5cb2f470cd8e0722f83a3,"React, Node.js, MongoDB, HTML/CSS"
Junior Software Developer (Specialist) - Remote Location,Computer/Internet,Navigant,Remote,Usa,Alabama,2/5/2025,Full Time,145687,indeed,ea21b87b61d2bac20b9e783171a3661b,"Teamwork, Leadership, Cypress, LoadRunner"
Software Developer,architecture and engineering,Advantage Resourcing,Mountain View,Usa,California,2/6/2024,Contract,92076,careerbuilder,96a4aac1bc28f87149b813ab3eb9d874,"Angular, Vue.js, Cypress, Pytest"
Software Developer - IOS/macOS,arts design and media,Volt,Cupertino,Usa,California,2/6/2024,Full Time,139653,careerbuilder,2c9735b2c58f7af53beb3a2761025723,"Pytest, Postman, GoLang, Node.js"
Business Software Developer,arts design and media,Samson Rope Technologies,Ferndale,Usa,Washington,2/6/2025,Full Time,112337,careerbuilder,09aaf9b2d0ce9ba280296a28735ac52a,"SQL, SQL, Communication, Teamwork"
Software Developer - IOS/macOS,arts design and media,Volt,Cupertino,Usa,California,2/6/2025,Full Time,112712,careerbuilder,2c9735b2c58f7af53beb3a2761025723,"Jest, LoadRunner, Teamwork, Critical Thinking"
Software Developer,arts design and media,Collabera,Spring,Usa,Texas,2/6/2025,Contract,154445,careerbuilder,50fb0e7ac34edad95efe647e63549e41,"Power BI, Scikit-learn, Cypress, LoadRunner"
Sr. Software Developer (Java),arts design and media,Hunter Technical Resources,St. Louis,Usa,Missouri,2/6/2025,Full Time,96579,careerbuilder,0f604bcd8520816cd38b1d59abe0b21a,"AWS, Docker, Angular, Bootstrap"
Software Developer - I,arts design and media,Kelly IT Resources,Hillsboro,Usa,Oregon,2/6/2025,Full Time,85462,careerbuilder,ae391b8548ad5c80a02ec52fe7aa3e68,"React, Vue.js, Cypress, Postman"
Software Developer/Software Engineer - .Net/AngularJS,food services,Rawlings Group,La Grange,Usa,Louisiana,2/7/2025,Full Time,139548,careerbuilder,fd94c40002d63f9fb616f2b4230815c4,"C#, .NET Core, Entity Framework, SQL Server"
Java Developer (Java Software Developer),arts design and media,Computer Enterprises,Tarrytown (CEI),Usa,Florida,2/7/2025,Full Time,134723,monster,0ec416d41410cde0d311276adaaf2e65,"Jest, Postman, Teamwork, Leadership"
Sr. Full Stack Software Developer,technology,The Select Group,Atlanta,Usa,Georgia,2/7/2025,Contract,136125,careerbuilder,36f1ea8e970aea5ef3b6134a01204cd0,"React, Node.js, MongoDB, HTML/CSS"
Sr. Software Developer - Virtual,architecture and engineering,ClearCaptions LLC,Roseville,Usa,California,2/9/2025,Full Time,131320,careerbuilder,92882a2b1a5de2c460fe8be2be768466,"Flask, GoLang, Docker, Terraform"
Software Developer - Single Sign On,architecture and engineering,Experis,Maple Plain,Usa,Minnesota,2/8/2025,Full Time,95531,careerbuilder,af7dd5fdffe981d7de3cce29b53c7c5e,"AWS, Azure, Leadership, Problem Solving"
DevOps Software Developer,food services,Abbtech Professional Resources,Pocatello,Usa,Idaho,2/8/2025,Full Time,96643,careerbuilder,52bd8426f5dc3474aca0187d614f328d,"Python, Scikit-learn, Cypress, Cypress"
Senior Software Developer & Founding Team Member,Computer/Internet,Outside Sunday,Tarrytown,Usa,OhioaPennsylvania,2/9/2025,Full Time,130898,indeed,c5553dac706a2f01967671dffb53b303,"Communication, Teamwork, Angular, React"
R&D Software Developer Intern,installation maintenance and repair,Ortho Clinical Diagnostics,Tarrytown,Usa,Ohio,2/10/2025,Full Time,121317,indeed,0ec416d41410cde0d311276adaaf2e65,"Basic Programming, Communication, Teamwork"
Software Developer,sales,Trumpf,Farmington,Usa,Connecticut,2/10/2025,Full Time,148225,careerbuilder,cfd00e0797e062f1addaaef07fc10572,"Ruby on Rails, Node.js, LoadRunner, Cypress"
Internet Software Developer,Computer/Internet,Songtradr,Tarrytown,Usa,OhioaCalifornia,2/10/2025,Full Time,83819,indeed,cbd3952091d0d6357bced2bf36852e9a,"Basic Programming, Communication, Teamwork"
Sr. Software Developer,architecture and engineering,Aerotek,Raleigh,Usa,North carolina,2/5/2025,Full Time,91175,careerbuilder,f986480a8dabeea299b732335c3ffc67,"Node.js, Express, Kubernetes, GCP"
Software Developer - .Net,architecture and engineering,National General Insurance,Irvine,Usa,California,2/5/2025,Full Time,102592,careerbuilder,e3f78c8c36195e4438286bb9395085a0,"C#, .NET Core, Entity Framework, SQL Server"
.Net Software Developer,architecture and engineering,Robert Half Technology,Madison,Usa,New jersey,2/6/2025,Contract,99118,careerbuilder,80ea9ad32ffe075c323e68e2ec254deb,"C#, .NET Core, Entity Framework, SQL Server"
Senior Java Software Developer,architecture and engineering,BioTelemetry,San Diego,Usa,California,2/5/2025,Full Time,96174,careerbuilder,6f7f350a98796d11251379f2dee08443,"GoLang, GoLang, Kubernetes, Docker"
Software Developer/Engineer,architecture and engineering,Alliance of Professionals & Consultants,Tarrytown,Usa,Ohio,2/5/2025,Full Time,106006,careerbuilder,0ec416d41410cde0d311276adaaf2e65,"AWS, Azure, Vue.js, HTML/CSS"
Software Developer,architecture and engineering,CoStar Group,Portland,Usa,Oregon,2/5/2025,Full Time,94660,careerbuilder,11d827fe1ed2dcdced2fe1dee796e8c6,"Django, Express, Teamwork, Problem Solving"
Sr. Software Developer,production and ops,Randstad Technologies,Houston,Usa,Texas,2/5/2025,Full Time,158039,monster,5362d425d02e743229d5217dcf59bfb1,"TypeScript, Bootstrap, Teamwork, Problem Solving"
Junior Software Developer,arts design and media,Kforce Technology,Windsor,Usa,Connecticut,2/5/2025,Contract,91822,careerbuilder,9fef40f996ddd88c2350fb9a0c3994a4,"TypeScript, Vue.js, Pandas, Numpy"
Jr. Software Developer,arts design and media,ACET,Chantilly,Usa,Virginia,2/5/2025,Full Time,126111,careerbuilder,37f848509a764796651fba9b7adde5d0,"Kubernetes, AWS, Bootstrap, Angular"
Software Developer,Computer/Internet,BOEING,Annapolis Junction,Usa,Maryland,2/6/2025,Full Time,92029,careerbuilder,17fjjbkl48509a764796651fba9b7adde5dj,"Numpy, Numpy, Jest, Cypress"
Software Developer/Designer,arts design and media,Confidential,Indianapolis,Usa,Indiana,2/5/2025,Full Time,132789,careerbuilder,c6cc012139fd1b9159c9ab90cfc49a8a,"Critical Thinking, Problem Solving, Numpy, SQL"
Senior Software Developer - .NET  C#  Visual Studio,internet,CyberCoders,Chicago,Usa,Illinois,2/5/2025,Full Time,150121,monster,26015b6469d61294424bcf64e26bd34d,"C#, .NET Core, Entity Framework, SQL Server"
SharePoint Application Developer/ Share Point Software developer,food services,Metasys Technologies,Tarrytown,Usa,Ohio,4/5/2025,Full Time ,129847,90000,0ec416d41410cde0d311276adaaf2e65,"Pytest, Selenium, Communication, Critical Thinking"
Software Developer,legal,Populus Group,Troy,Usa,Michigan,2/5/2025,Full Time,87896,careerbuilder,3829cc335511ac561b8db6291646742b,"Power BI, Power BI, Pytest, Postman"
Software Developer in Test,life physical and social science,Fahrenheit IT,West Chester,Usa,Pennsylvania,2/5/2025,Full Time,95927,careerbuilder,1af8d25665c16342bf3a3e4a39cde3ae,"Selenium, Postman, Cypress, CI/CD"
Manufacturing Software Developer,manufacturing,Ford,Sunrise,Usa,Florida,2/11/2025,Full Time,134675,monster,264f8e7421cd87cccfd816041abac984,"Communication, Teamwork, Node.js, Flask"
Software Developer - Livermore, CA,Lawrence Livermore National Laboratory (LLNL),Pasadena,Usa,California,2/12/2025,Full Time,101074,monster,5bcdc1e413e327b23149875d6cfaf36a,"Postman, Postman, Python, Numpy"
RPG Software Developer * IT,life physical and social science,City Furniture,Tarrytown,Usa,Ohio,2/11/2025,Full Time,148865,monster,0ec416d41410cde0d311276adaaf2e65,"Pandas, Python, LoadRunner, Selenium"
Software Developer 2,technology,Ogletree Deakins,Greenville,Usa,South carolina,2/11/2025,Full Time,86716,careerbuilder,9fe1aec9dae74bdd9abb3e85f88aad21,"Communication, Communication, Express, Node.js"
Lead Full-Stack Software Developer,architecture and engineering,ICONMA,Bellevue,Usa,Washington,2/12/2025,Contract,128299,careerbuilder,792e7e4f5f58b2eef13774eff2c5dfdd,"Selenium, Jest, Azure, GCP"
Senior .NET Software Developer (01-002),arts design and media,Strongbridge LLC,Sterling,Usa,Virginia,2/12/2025,Full Time,81601,careerbuilder,917e91a9a4c88af52c8d314453d08254,"C#, .NET Core, Entity Framework, SQL Server"
Senior C++ Software Developer,life physical and social science,Scientific Research Corp,Patuxent River,Usa,Maryland,2/12/2025,Full Time,122325,careerbuilder,bf040fc7c18b947beb3602c815c9e4b5,"Vue.js, React, Critical Thinking, Communication"
Software Developer/Guidewire Developer,arts design and media,Savvy Info Systems Inc.,Schaumburg,Usa,Illinois,2/13/2025,Full Time,158011,careerbuilder,5730a5bf0a77f4c82538293243933e72,"Problem Solving, Teamwork, Scikit-learn, Pandas"
Intern Software Developer,arts design and media,O'Reilly Auto Parts,Springfield,Usa,Missouri,2/14/2025,Part Time,149243,careerbuilder,36928a6538086be83799e90edf5cdb9e,"Basic Programming, Communication, Teamwork"
Software Developer,food services,SS&C Technologies Inc,Newtown,Usa,Connecticut,2/14/2025,Full Time,149782,careerbuilder,ab95cb3df02d85e4a993f36b689187c4,"React, Vue.js, Teamwork, Critical Thinking"
Full Stack Software Developer,manufacturing and production,HKA Enterprises,Greer,Usa,South carolina,2/13/2025,Contract,153620,careerbuilder,f0b790903741b879800b84c26b6974ac,"React, Node.js, MongoDB, HTML/CSS"
Senior Software Developer,architecture and engineering,ettain group,Kansas City,Usa,Missouri,2/14/2025,Full Time,106039,careerbuilder,166a48a30c990432c2668ecb63b875ab,"GCP, Kubernetes, Teamwork, Leadership"
Software Developer,arts design and media,Avineon  Inc,Tarrytown,Usa,Ohio,2/14/2025,Full Time,109498,indeed,0ec416d41410cde0d311276adaaf2e65,"Vue.js, TypeScript, LoadRunner, Selenium"
Software Developer,Computer/Internet,South Data  Inc,Mason,Usa,Ohio,2/5/2025,Full Time,101906,indeed,38e6933c26333171491a5b9f4c9f497e,"GCP, Terraform, Jest, LoadRunner"
Junior-Midlevel Software Developer,arts design and media,Vaco Technology,Memphis,Usa,Tennessee,2/11/2025,Full Time,109096,careerbuilder,acdec82161e6df7ba7597d09ee719640,"GoLang, Express, Leadership, Problem Solving"
Manufacturing Software Developer,manufacturing,Ford,Sunrise,Usa,Florida,2/11/2025,Full Time,134316,monster,264f8e7421cd87cccfd816041abac984,"Numpy, Power BI, Docker, GCP"
Sr. Software Developer,architecture and engineering,Aerotek,Raleigh,Usa,North carolina,2/5/2025,Full Time,85252,careerbuilder,f986480a8dabeea299b732335c3ffc67,"Node.js, Express, Pytest, Postman"
Software Developer - .Net,architecture and engineering,National General Insurance,Irvine,Usa,California,2/5/2025,Full Time,133284,careerbuilder,e3f78c8c36195e4438286bb9395085a0,"C#, .NET Core, Entity Framework, SQL Server"
.Net Software Developer,architecture and engineering,Robert Half Technology,Madison,Usa,New jersey,2/6/2025,Contract,158896,careerbuilder,80ea9ad32ffe075c323e68e2ec254deb,"C#, .NET Core, Entity Framework, SQL Server"
Senior Java Software Developer,architecture and engineering,BioTelemetry,San Diego,Usa,California,2/5/2025,Full Time,141986,careerbuilder,6f7f350a98796d11251379f2dee08443,"Pytest, Cypress, Flask, Ruby on Rails"
Software Developer,architecture and engineering,CoStar Group,Portland,Usa,Oregon,2/5/2025,Full Time,155650,careerbuilder,11d827fe1ed2dcdced2fe1dee796e8c6,"Terraform, Docker, SQL, Power BI"
Sr. Software Developer,production and ops,Randstad Technologies,Houston,Usa,Texas,2/5/2025,Full Time,137447,monster,5362d425d02e743229d5217dcf59bfb1,"Power BI, Scikit-learn, Communication, Critical Thinking"
Software Developer/Designer,arts design and media,Confidential,Indianapolis,Usa,Indiana,2/5/2025,Full Time,86681,careerbuilder,c6cc012139fd1b9159c9ab90cfc49a8a,"Express, GoLang, Azure, AWS"
SharePoint Application Developer/ Share Point Software developer,food services,Metasys Technologies,Tarrytown,Usa,Ohio,4/5/2025,Full Time ,85248,indeed,0ec416d41410cde0d311276adaaf2e65,"SQL, Scikit-learn, GCP, AWS"
Software Developer,legal,Populus Group,Troy,Usa,Michigan,2/5/2025,Full Time,159092,careerbuilder,3829cc335511ac561b8db6291646742b,"SQL, SQL, React, Bootstrap"
Software Developer in Test,life physical and social science,Fahrenheit IT,West Chester,Usa,Pennsylvania,2/5/2025,Full Time,96164,careerbuilder,1af8d25665c16342bf3a3e4a39cde3ae,"Selenium, Postman, Cypress, CI/CD"
Lead Software Developer,technology,Genesis10,Canonsburg,Usa,Pennsylvania,2/5/2025,Full Time,117210,careerbuilder,6ee3147d5912bc4c99bd765ccb4b123f,"React, HTML/CSS, LoadRunner, Cypress"
Senior Software Developer,architecture and engineering,MSX International,Dearborn,Usa,Michigan,2/6/2025,Full Time,137269,careerbuilder,fb6a2adf09912a625e49f0bd6d6a233d,"Bootstrap, Angular, LoadRunner, Jest"
Software Developer,architecture and engineering,AppleOne,Overland Park,Usa,Kansas,2/6/2025,Full Time,93608,careerbuilder,319f118fec9f30e633b775e51b30f20f,"Scikit-learn, Power BI, LoadRunner, LoadRunner"
Software Developer,architecture and engineering,Advantage Resourcing,Mountain View,Usa,California,2/6/2025,Contract,132477,careerbuilder,96a4aac1bc28f87149b813ab3eb9d874,"Bootstrap, Bootstrap, Problem Solving, Leadership"
Software Developer-SR,architecture and engineering,Tailored Management,Columbus,Usa,Ohio,2/6/2025,Full Time,97354,careerbuilder,a10c636630e709754fe5ee6a0ebc45f0,"Teamwork, Critical Thinking, TypeScript, HTML/CSS"
Sr. Software Developer,production and ops,Randstad Technologies,Houston,Usa,Texas,2/5/2025,Full Time,155750,monster,5362d425d02e743229d5217dcf59bfb1,"Pandas, Python, React, Vue.js"
Junior Software Developer,arts design and media,Kforce Technology,Windsor,Usa,Connecticut,2/5/2025,Contract,140496,careerbuilder,9fef40f996ddd88c2350fb9a0c3994a4,"Flask, Node.js, Numpy, SQL"
Jr. Software Developer,arts design and media,ACET,Chantilly,Usa,Virginia,2/5/2025,Full Time,84777,careerbuilder,37f848509a764796651fba9b7adde5d0,"Communication, Problem Solving, Kubernetes, Terraform"
Software Developer - .Net,architecture and engineering,Company_107,West Chester,Usa,Pennsylvania,4/7/2025,Full Time ,120545,ZipRecruiter,fd6d009aff0149b898dff821dd550550,"Critical Thinking, Teamwork, LoadRunner, Cypress"
Business Software Developer,architecture and engineering,Company_156,Mountain View,Usa,California,4/2/2025,Part Time,142438,Monster,209c7341caa4429e8c33a7600f9ac6ba,"Jest, LoadRunner, Python, Pandas"
Lead Software Developer,architecture and engineering,IBM,Chantilly,Usa,Virginia,4/28/2025,Full-time ,128885,Indeed,e1b904491f86410aa3bc906ff80de9c0,"Azure, Kubernetes, Ruby on Rails, Node.js"
Software Developer/Software Engineer - .Net/AngularJS,architecture and engineering,Snapchat,Troy,Usa,Michigan,3/5/2025,"Part-time, Contract ",157404,Glassdoor,b2a81df2b1ef4dc79141b1de6d2d8f33,"SQL, Pandas, Leadership, Leadership"
Junior Software Developer,architecture and engineering,Samsung,Windsor,Usa,Connecticut,3/17/2025,Full-time ,117425,Glassdoor,30c153e25e8247ecb8b0b6602d6d0674,"Vue.js, Angular, Node.js, Express"
Software Developer/Engineer,architecture and engineering,Uber,Cupertino,Usa,California,4/2/2025,Full Time,118900,LinkedIn,aa5d4e3f4ebf4b51b86d141398d3d2b1,"React, Angular, Pytest, Pytest"
Full-Stack Software Developer,architecture and engineering,Amazon,Ferndale,Usa,Washington,4/2/2025,"Part-time, Contract ",137198,Indeed,01a398f35adc4713815fbfddb81ced45,"Jest, Pytest, Problem Solving, Problem Solving"
Software Developer - Resiliency Engineer,architecture and engineering,Shopify,Ferndale,Usa,Washington,4/9/2025,Contract,99844,Indeed,ba14b6563ad04c3b8b5b4f510f9a3ee2,"AWS, Azure, HTML/CSS, HTML/CSS"
Software Developer - I,architecture and engineering,Twitter,Pocatello,Usa,Idaho,4/2/2025,Contract,84432,Glassdoor,891941f23b55453dbc646e8692a25f7e,"Cypress, Pytest, Power BI, Power BI"
Senior Software Developer - .NET  C#  Visual Studio,architecture and engineering,Zoom,Pocatello,Usa,Idaho,4/12/2025,Full Time,122074,LinkedIn,33f82045a566459d891e56269f216a5a,"SQL, Python, Angular, TypeScript"
Software Developer Automation Engineer .NET,architecture and engineering,Slack,Spring,Usa,Texas,3/9/2025,Full Time,124137,Indeed,a578776e49094f1ea4b5b901287ed9a4,"Pytest, LoadRunner, AWS, Azure"
Lead Full-Stack Software Developer,architecture and engineering,Netflix,Spring,Usa,Texas,4/27/2025,Full Time,124018,Indeed,d8cd17a4e6cd4a688de5c50fba9d3b3f,"Selenium, Postman, Cypress, CI/CD"
Software Developer in Test,architecture and engineering,Dell Technologies,Sunrise,Usa,Florida,3/2/2025,"Part-time, Contract ",154255,Monster,8872f683f7224d18b8498497c438a836,"Bootstrap, HTML/CSS, Express, Express"
Java Developer (Java Software Developer),architecture and engineering,Shopify,Sunrise,Usa,Florida,4/6/2025,Full-time ,113759,LinkedIn,158313cc6c0843798a6cc714cc0acf38,"Critical Thinking, Teamwork, Docker, Kubernetes"
Junior-Midlevel Software Developer,architecture and engineering,Uber,Columbus,Usa,Ohio,3/14/2025,"Part-time, Contract ",114424,ZipRecruiter,80e45da3e6b14598a726a5772872af8d,"Power BI, Scikit-learn, Pytest, Jest"
Junior-Midlevel Software Developer,architecture and engineering,Apple,Columbus,Usa,Ohio,3/15/2025,Full Time,140579,LinkedIn,3b290469f0e341b98e58e3ba711c49bf,"Leadership, Communication, Postman, LoadRunner"
DevOps Software Developer,architecture and engineering,Capgemini,Overland Park,Usa,Kansas,4/19/2025,Contract,84905,Glassdoor,45b9ec0bf90b4440bf14304a39d51315,"LoadRunner, LoadRunner, GoLang, GoLang"
Java Developer (Java Software Developer),architecture and engineering,Cisco,Overland Park,Usa,Kansas,4/22/2025,Contract,113443,ZipRecruiter,1461bbd218e24d0385d76b0131dd7fe9,"GoLang, Flask, Pytest, Pytest"
Software Developer Automation Engineer .NET,architecture and engineering,Capgemini,Dearborn,Usa,Michigan,4/12/2025,Part Time,84129,Monster,9f2afce2647d493b800a61dbbd62aad1,"Jest, Selenium, Angular, TypeScript"
Intern Software Developer,architecture and engineering,Capgemini,Dearborn,Usa,Michigan,2/28/2025,Part Time,115954,LinkedIn,333d52a0629f4137a7547d997dec94cc,"GoLang, Flask, GCP, Terraform"
Software Developer-SR,architecture and engineering,Intel,Canonsburg,Usa,Pennsylvania,4/1/2025,Full Time,91404,ZipRecruiter,746c31d8778a4641ba1b6d20633b7cda,"SQL, Power BI, Docker, Kubernetes"
Junior Software Developer (Specialist) - Remote Location,architecture and engineering,HCL Technologies,Canonsburg,Usa,Pennsylvania,3/20/2025,Full Time ,94723,LinkedIn,358f77385cb74848ae059fb764979597,"Power BI, Pandas, Terraform, Terraform"
Full-Stack Software Developer,architecture and engineering,Cisco,Memphis,Usa,Tennessee,3/6/2025,Full-time ,158059,Monster,2b69b1fc1781420c8362fa6c9bab5925,"Teamwork, Leadership, React, Vue.js"
Senior C++ Software Developer,architecture and engineering,Oracle,Memphis,Usa,Tennessee,3/16/2025,Part Time,149133,Glassdoor,2c4ea1fb686044b2bbb86c029cc54db0,"LoadRunner, Selenium, Power BI, Numpy"
Software Developer-SR,architecture and engineering,Slack,Memphis,Usa,Tennessee,3/8/2025,Full Time,153509,ZipRecruiter,67aea18ee49945609a06ad99564de1d8,"Docker, Kubernetes, TypeScript, Bootstrap"
Software Developer/Designer,architecture and engineering,Spotify,Greer,Usa,South carolina,4/17/2025,Part Time,89009,Monster,55b0e3b5484448679ee511d392964d53,"Cypress, Cypress, Power BI, Scikit-learn"
Lead Full-Stack Software Developer,architecture and engineering,Adobe,Greer,Usa,South carolina,3/13/2025,Contract,153835,Glassdoor,87ae1db6462247069565e17ec9ac8f11,"Vue.js, HTML/CSS, AWS, Docker"
GIS SOFTWARE DEVELOPER,architecture and engineering,Airbnb,Greer,Usa,South carolina,3/29/2025,Full-time ,131524,Monster,b48c29d48a764b9d975325ff12fc0404,"Problem Solving, Problem Solving, Python, Power BI"
Software Developer - I,architecture and engineering,LinkedIn,Newtown,Usa,Connecticut,4/25/2025,Full Time,155579,LinkedIn,2091d3e56ea741a8ae40be40514c0ce5,"Bootstrap, Angular, Pytest, Jest"
Full Stack Software Developer,architecture and engineering,Intel,Newtown,Usa,Connecticut,3/26/2025,"Part-time, Contract ",88814,Glassdoor,4aba4365d6f84d5d8c01d7c3591474bd,"Azure, Azure, Problem Solving, Problem Solving"
.Net Software Developer,architecture and engineering,Facebook,Newtown,Usa,Connecticut,3/3/2025,Full Time,83019,Monster,c426e87b72844dc582de0489a2064bf1,"Ruby on Rails, Node.js, AWS, AWS"
Software Developer (.NET C# / Javascript),architecture and engineering,HCL Technologies,Springfield,Usa,Missouri,3/7/2025,Contract,126877,Monster,b1fe987573b748b88a6981d431ad0dc4,"Selenium, Postman, Cypress, CI/CD"
Java Developer (Java Software Developer),architecture and engineering,LinkedIn,Springfield,Usa,Missouri,3/31/2025,Full-time ,102373,LinkedIn,8fd5db5dfc2b42009cb258f5789b38ce,"TypeScript, React, Docker, GCP"
Junior-Midlevel Software Developer,architecture and engineering,Zoom,Springfield,Usa,Missouri,3/2/2025,Part Time,112031,Indeed,38db4c72bd1a470a8e82705ad6906c1c,"Problem Solving, Leadership, Express, GoLang"
RPG Software Developer * IT,architecture and engineering,Twitter,Schaumburg,Usa,Illinois,3/10/2025,Contract,97522,LinkedIn,b56cd21b93154a8aa1ece484a4b4e4fa,"Teamwork, Problem Solving, Pytest, Pytest"
Junior-Midlevel Software Developer,architecture and engineering,Microsoft,Schaumburg,Usa,Illinois,3/15/2025,Full-time ,147378,ZipRecruiter,9f61202832ef42bc8c8780fa741e7653,"Teamwork, Communication, Node.js, Ruby on Rails"
Senior Java Software Developer,architecture and engineering,Netflix,Schaumburg,Usa,Illinois,3/7/2025,Full Time,132526,Monster,3f663f8d275949988f9faac5c9440028,"GCP, Terraform, Python, SQL"
GIS SOFTWARE DEVELOPER,architecture and engineering,Zoom,Patuxent River,Usa,Maryland,3/12/2025,Full Time,114197,Monster,a59a0921bb51410daf1847e51277fb46,"HTML/CSS, HTML/CSS, Terraform, Docker"
Software Developer - Single Sign On,architecture and engineering,Microsoft,Patuxent River,Usa,Maryland,4/21/2025,Contract,120999,Indeed,fb032eb3c17d433e8055c7abbffbc546,"AWS, Docker, Problem Solving, Leadership"
Full-Stack Software Developer,architecture and engineering,Twitter,Patuxent River,Usa,Maryland,4/4/2025,Full Time,128252,Monster,3b3abcdf484b48019b7c22fe35f2b6ee,"React, Vue.js, Communication, Communication"
Software Developer - Resiliency Engineer,architecture and engineering,Zoom,Sterling,Usa,Virginia,4/6/2025,Contract,130485,Indeed,d736265be8c14825a84c9b7d74eb12d5,"Power BI, Scikit-learn, Selenium, Selenium"
SharePoint Application Developer/ Share Point Software developer,architecture and engineering,Samsung,Sterling,Usa,Virginia,3/20/2025,Part Time,149121,Indeed,6ba326e9062741f9a966724dba52b0e8,"HTML/CSS, React, Cypress, Pytest"
R&D Software Developer Intern,architecture and engineering,Slack,Sterling,Usa,Virginia,4/20/2025,Full Time,94729,LinkedIn,53ad9b4d6cb54214935d4bb0c7b1584b,"Scikit-learn, Python, Azure, Terraform"
Software Developer III,architecture and engineering,Uber,Bellevue,Usa,Washington,4/29/2025,"Part-time, Contract ",116780,Glassdoor,4bc52563e3f54e66bfa7223cada2e9b7,"Django, Django, React, HTML/CSS"
Senior C++ Software Developer,architecture and engineering,Accenture,Bellevue,Usa,Washington,4/23/2025,Full-time ,80849,Monster,5691a831daef465680e6bd4db4aeb449,"Bootstrap, React, Scikit-learn, SQL"
Software Developer - Resiliency Engineer,architecture and engineering,Oracle,Bellevue,Usa,Washington,4/8/2025,Contract,121929,Glassdoor,819df4db00a347fab559efdd5e4c3cff,"Pytest, Cypress, Communication, Leadership"
Software Developer III,architecture and engineering,HCL Technologies,Greenville,Usa,South carolina,4/18/2025,Full Time,122977,Glassdoor,26a8ccab49944cbf95dfd0a5c5447caa,"Critical Thinking, Communication, Cypress, Pytest"
Full Stack Software Developer,architecture and engineering,Salesforce,Greenville,Usa,South carolina,4/23/2025,Full Time,134631,Indeed,91b07b4b17444ae2a12db4a4d459de08,"Communication, Communication, Bootstrap, HTML/CSS"
Junior Software Developer (Specialist) - Remote Location,architecture and engineering,Facebook,Greenville,Usa,South carolina,4/2/2025,Full Time,133646,Indeed,5c6f409d8fc349f5a63a233de25f6860,"Numpy, Power BI, Cypress, Cypress"
Sr. Full Stack Software Developer,architecture and engineering,Twitter,Kansas City,Usa,Missouri,3/29/2025,Part Time,141542,Monster,b2dc0884c6104e09857abeddc30dfc42,"AWS, Terraform, Django, Django"
Senior Software Developer & Founding Team Member,architecture and engineering,Adobe,Kansas City,Usa,Missouri,3/10/2025,Full Time,127418,ZipRecruiter,8b49bebbef5f45d99c694df521e63133,"LoadRunner, LoadRunner, Django, Ruby on Rails"
Software Developer - Single Sign On,architecture and engineering,Oracle,Kansas City,Usa,Missouri,3/15/2025,"Part-time, Contract ",123817,Glassdoor,c466c244f6c54a288ce32e4ba5f2117a,"Vue.js, HTML/CSS, Azure, Docker"
Cloud Software Developer (Java,architecture and engineering,Amazon,St. Louis,Usa,Missouri,4/11/2025,Full Time,100512,ZipRecruiter,fce176b3fcc24041a076c723845b1d42,"AWS, GCP, Leadership, Teamwork"
RPG Software Developer * IT,architecture and engineering,Spotify,St. Louis,Usa,Missouri,4/23/2025,"Part-time, Contract ",146062,Glassdoor,be56d969c881492e94321057e9d91b5b,"Node.js, Express, Kubernetes, Terraform"
Jr. Software Developer,architecture and engineering,Accenture,St. Louis,Usa,Missouri,3/29/2025,Full-time ,83374,ZipRecruiter,b0506afef84f4855a9b1176c697704ed,"Docker, Terraform, TypeScript, React"
Mobile Software Developer,architecture and engineering,Uber,Maple Plain,Usa,Minnesota,3/11/2025,Full Time ,108786,Monster,19096a759fde4296a2e11d7ebb4d17e7,"Jest, LoadRunner, Leadership, Communication"
Software Developer,architecture and engineering,Oracle,Maple Plain,Usa,Minnesota,3/31/2025,Full Time ,138883,ZipRecruiter,99fb849be3a24570991ead8ffc456c54,"Azure, Azure, Bootstrap, Angular"
Software Developer - Resiliency Engineer,architecture and engineering,Microsoft,Maple Plain,Usa,Minnesota,4/3/2025,Full-time ,136208,Glassdoor,b2cca7e992a0444ea7a93c7b84282a20,"Teamwork, Leadership, Docker, GCP"
Software Developer - .Net,architecture and engineering,Facebook,Roseville,Usa,California,4/6/2025,Contract,125675,Glassdoor,203769703c51440b98231b2c3b602992,"Flask, Django, HTML/CSS, React"
Software Developer/Guidewire Developer,architecture and engineering,Accenture,Roseville,Usa,California,3/28/2025,Part Time,87241,Monster,b3d75386e8e5466687f7c153049b8d17,"Problem Solving, Problem Solving, LoadRunner, LoadRunner"
Full-Stack Software Developer,architecture and engineering,Zoom,Roseville,Usa,California,4/14/2025,Full Time ,123529,LinkedIn,7ef7f53346d74b1fbf9b4a21893a9ec9,"Jest, Jest, Docker, Kubernetes"
Software Developer - Resiliency Engineer,architecture and engineering,Zoom,Atlanta,Usa,Georgia,4/19/2025,Part Time,103908,LinkedIn,a190896b829b4f9a8ca7fbe4c576fd10,"TypeScript, Angular, Express, GoLang"
GIS SOFTWARE DEVELOPER,architecture and engineering,TCS,Atlanta,Usa,Georgia,4/21/2025,Contract,92675,LinkedIn,c3a39ebb21814a75b1692f5316de830c,"Critical Thinking, Problem Solving, Jest, Postman"
Java Developer (Java Software Developer),architecture and engineering,Apple,Atlanta,Usa,Georgia,3/28/2025,Full Time ,104359,Glassdoor,26f49a48d1a74e85ab64ca271c980049,"Leadership, Teamwork, Node.js, Node.js"
Sr. Software Developer,architecture and engineering,Capgemini,La Grange,Usa,Louisiana,3/17/2025,"Part-time, Contract ",84284,Monster,b3d8cbf0af6c44a5bde5929aee462872,"Ruby on Rails, Ruby on Rails, Bootstrap, TypeScript"
Software Developer,architecture and engineering,Capgemini,La Grange,Usa,Louisiana,3/22/2025,Full-time ,106823,ZipRecruiter,f1485196b2a946879b73b1967e63fd19,"Numpy, Power BI, Pytest, Jest"
Software Developer/Engineer,architecture and engineering,Airbnb,La Grange,Usa,Louisiana,4/8/2025,"Part-time, Contract ",118001,Glassdoor,a924a15f0d1f4aa9be7408b718423fe9,"HTML/CSS, Angular, Teamwork, Communication"
Software Developer - Single Sign On,architecture and engineering,Airbnb,Farmington,Usa,Connecticut,4/10/2025,Full Time ,159552,ZipRecruiter,e7627b8f62744fa0993428a4197a3b46,"Scikit-learn, SQL, Cypress, Postman"
Software Developer (.NET C# / Javascript),architecture and engineering,Amazon,Farmington,Usa,Connecticut,4/21/2025,Full-time ,112324,LinkedIn,e2a65bd7baa3473d846a72b6a3e13aef,"Express, GoLang, Leadership, Problem Solving"
Internet Software Developer,architecture and engineering,Adobe,Farmington,Usa,Connecticut,4/17/2025,Full-time ,125804,LinkedIn,275a584b7c4d42f1a16d85014ca5d5dd,"Ruby on Rails, Ruby on Rails, Problem Solving, Critical Thinking"
Java Developer (Java Software Developer),architecture and engineering,Oracle,Hillsboro,Usa,Oregon,3/23/2025,Part Time,126881,Glassdoor,d4b51d1d5cf94d2a8716e4431b633b4f,"Leadership, Teamwork, Node.js, Ruby on Rails"
SharePoint Application Developer/ Share Point Software developer,architecture and engineering,Samsung,Hillsboro,Usa,Oregon,4/7/2025,Full-time ,147633,Monster,4018f630c95e4144a9e74316be9c4eda,"Teamwork, Communication, Python, Pandas"
Software Developer (Full Stack),architecture and engineering,Airbnb,Hillsboro,Usa,Oregon,3/23/2025,Full Time,81315,Indeed,446d16e11a304cae9e99df9e6ce8e63b,"Express, Flask, AWS, Docker"
RPG Software Developer * IT,architecture and engineering,Microsoft,Tarrytown (CEI),Usa,Florida,4/18/2025,Part Time,145158,ZipRecruiter,f7ffe07f7e2747ecb2ea87d4fadc9fe7,"Express, Express, Teamwork, Leadership"
Full-Stack Software Developer,architecture and engineering,Slack,Tarrytown (CEI),Usa,Florida,3/21/2025,Full Time,125263,LinkedIn,2b91428c67f343beb154742042f5bcbb,"Critical Thinking, Problem Solving, Cypress, Postman"
Sr. Full Stack Software Developer,architecture and engineering,Twitter,Tarrytown (CEI),Usa,Florida,3/20/2025,Full-time ,143449,Indeed,7bf349495bd34cefb18c7d8fcae8face,"Scikit-learn, Scikit-learn, LoadRunner, Postman"
Software Developer in Test,architecture and engineering,Zoom,Tarrytown (CEI),Usa,Florida,3/5/2025,Contract,131528,Indeed,3ee122e91da04594927ace91a6e6bb56,"Leadership, Teamwork, Python, Numpy"
Software Developer - IOS/macOS,architecture and engineering,Amazon,Milwaukee,Usa,Wisconsin,3/31/2025,Part Time,149748,Glassdoor,5314c7bd406b4f289ba0acd53b026a38,"Terraform, AWS, HTML/CSS, React"
Java Developer (Java Software Developer),architecture and engineering,Twitter,Milwaukee,Usa,Wisconsin,3/22/2025,Full Time,144141,Glassdoor,9ea932e419834856ae9221f8a22d82f4,"Problem Solving, Communication, Python, Power BI"
Senior .NET Software Developer (01-002),architecture and engineering,Tesla,Milwaukee,Usa,Wisconsin,3/12/2025,Full Time ,157740,Glassdoor,e0db21cf8f0f4a20b630b0375d31b335,"Node.js, GoLang, Leadership, Communication"
Software Developer (.NET C# / Javascript),architecture and engineering,Twitter,Milwaukee,Usa,Wisconsin,3/28/2025,Contract,129287,Monster,3d49eefbbfd141e2842b6188260aafeb,"Critical Thinking, Critical Thinking, Power BI, Numpy"
RPG Software Developer * IT,architecture and engineering,Shopify,Oldsmar,Usa,Florida,4/5/2025,Part Time,113922,Monster,83b2316501b54c19b52b5228072b6352,"Problem Solving, Critical Thinking, Ruby on Rails, Express"
Software Developer (Full Stack),architecture and engineering,TCS,Oldsmar,Usa,Florida,3/9/2025,Full-time ,147284,Glassdoor,9f9dd0caaa4245ef83f89ad5667d861a,"Selenium, Postman, Cypress, CI/CD"
Lead Full-Stack Software Developer,architecture and engineering,Apple,Oldsmar,Usa,Florida,3/25/2025,Full Time ,87999,Glassdoor,8982b04518224ba3a4c6bc9df76d73ec,"Bootstrap, Vue.js, Pytest, Pytest"
Software Developer/Software Engineer - .Net/AngularJS,architecture and engineering,Microsoft,Oldsmar,Usa,Florida,4/7/2025,Contract,156693,Glassdoor,aa1b0b54ea1a4a68b1619412bdc6e633,"Numpy, Pandas, Critical Thinking, Critical Thinking"
Software Developer in Test,architecture and engineering,Intel,Boise,Usa,Idaho,4/2/2025,Full-time ,141356,ZipRecruiter,2e7e46d818754d138006871d24aedd71,"Bootstrap, Angular, SQL, Pandas"
Software Developer,architecture and engineering,TCS,Boise,Usa,Idaho,3/28/2025,"Part-time, Contract ",149298,Indeed,0556073415aa4b8f9c057b1b8af7cb7b,"React, TypeScript, Teamwork, Communication"
Junior Software Developer,architecture and engineering,Salesforce,Boise,Usa,Idaho,4/2/2025,Part Time,157498,ZipRecruiter,e02fc0f669954e81b9eda0b0515e1ee6,"GoLang, GoLang, Cypress, Selenium"
Jr. Software Developer,architecture and engineering,Cisco,Boise,Usa,Idaho,3/14/2025,Full Time,113699,LinkedIn,f9223e1dd91342c9bf381652b4863c5c,"HTML/CSS, Angular, LoadRunner, Selenium"
Junior Software Developer,architecture and engineering,Shopify,West,Usa,Texas,4/7/2025,Full-time ,123797,Glassdoor,868d45d1c71145cea0c68b320d54bb41,"Problem Solving, Critical Thinking, Selenium, Pytest"
Software Developer in Test,architecture and engineering,Tesla,West,Usa,Texas,4/24/2025,Part Time,107238,Monster,60d3ab7c1e0049db85b19bbdce54c100,"Terraform, AWS, Critical Thinking, Communication"
Software Developer/ Adaptive Technology Specialist,architecture and engineering,Apple,West,Usa,Texas,3/7/2025,Full Time,83042,LinkedIn,d5dd8493944840b6a7ef359b71a3cd42,"SQL, Python, Leadership, Critical Thinking"
RPG Software Developer * IT,architecture and engineering,HCL Technologies,West,Usa,Texas,4/4/2025,Full Time,105504,Indeed,e4bb5baff6e045a0b9aee01acc64b05c,"Django, Django, Problem Solving, Critical Thinking"
Software Developer - .Net,architecture and engineering,Twitter,Remote,Usa,Alabama,3/8/2025,Part Time,144406,Monster,195111a5769c48c4bff4cf0747c2df4a,"Scikit-learn, SQL, Vue.js, TypeScript"
Software Developer - Resiliency Engineer,architecture and engineering,Accenture,Remote,Usa,Alabama,3/28/2025,Full Time ,129595,Indeed,7ea085eb815c47fe8a73b4e4f992ab82,"Selenium, Postman, Cypress, CI/CD"
Software Developer - I,architecture and engineering,Google,Remote,Usa,Alabama,4/29/2025,Contract,113359,Glassdoor,2a90c3654012464ebe98b7028edfd804,"SQL, SQL, GoLang, Express"
Software Developer in Test,architecture and engineering,Facebook,Remote,Usa,Alabama,3/10/2025,Full-time ,132754,LinkedIn,66b831cb01324c78804bf92520f1d5cb,"Terraform, GCP, Express, Ruby on Rails"
Sr. Software Developer - Virtual,architecture and engineering,Infosys,Mount Airy,Usa,Ohio,3/26/2025,"Part-time, Contract ",91553,Indeed,28d1b904aca24caf98e74bb484f617ff,"Pytest, Jest, AWS, Docker"
Software Developer in Test,architecture and engineering,Google,Mount Airy,Usa,Ohio,3/3/2025,Full Time ,149877,ZipRecruiter,fd5caed1e45d4d759148dc1d204545bf,"Azure, AWS, Problem Solving, Communication"
SharePoint Application Developer/ Share Point Software developer,architecture and engineering,TCS,Mount Airy,Usa,Ohio,3/31/2025,Full Time ,105193,ZipRecruiter,8bf9a00c79224ad7a71c91ec74e8db5d,"Selenium, Postman, Cypress, CI/CD"
Sr. Software Developer - Retail Sales Team,architecture and engineering,Oracle,Mount Airy,Usa,Ohio,3/27/2025,Part Time,157599,Indeed,84c37c2ad8764db9a722555721f104ce,"Vue.js, Angular, GoLang, Django"
Internet Software Developer,architecture and engineering,Amazon,Tarrytown,Usa,Ohioa,3/12/2025,Contract,96413,ZipRecruiter,39d07b54072a4d419236dc4e48a1d1fc,"Jest, Selenium, Docker, AWS"
Software Developer/Guidewire Developer,architecture and engineering,Uber,Tarrytown,Usa,Ohioa,3/15/2025,"Part-time, Contract ",135411,Glassdoor,fb8e8810967244d2ace43a6db74e9f8c,"SQL, SQL, Angular, HTML/CSS"
GIS SOFTWARE DEVELOPER,architecture and engineering,Capgemini,Tarrytown,Usa,Ohioa,4/24/2025,Part Time,157333,Indeed,9ba8d0bfdddc4908a8f9763d134ac046,"Docker, GCP, Express, Node.js"
Software Developer - .Net,architecture and engineering,Snapchat,Tarrytown,Usa,Ohioa,3/9/2025,Contract,132386,ZipRecruiter,b0369d5f484e4f7db452a25a2d496fd9,"Leadership, Critical Thinking, Python, SQL"
Junior Software Developer (Specialist) - Remote Location,architecture and engineering,Netflix,Tarrytown,Usa,Ohioa,4/29/2025,Full Time ,141293,LinkedIn,acc30c1d3c714dda8bc8b4d0b7f81e3d,"Pytest, Postman, GCP, Kubernetes"
Full Stack Software Developer,architecture and engineering,Wipro,Tarrytown,Usa,Ohioa,4/27/2025,Full Time,110188,Glassdoor,34e405fa53ba4d88a202a8770a689a72,"Flask, Flask, Selenium, Cypress"
Software Developer - .Net,architecture and engineering,Samsung,Tarrytown,Usa,Ohioa,4/21/2025,Full-time ,154918,Indeed,6bb5eac0904a4fc68c25c03edb88a60e,"LoadRunner, Jest, Python, Python"
Java Developer (Java Software Developer),architecture and engineering,Airbnb,Tarrytown,Usa,Ohioa,4/18/2025,Full Time,102282,Monster,15bb6b9b65e4441b9da2d316d50b4320,"Selenium, Selenium, SQL, Pandas"
Software Developer - Livermore,architecture and engineering,IBM,Dahlgren,Usa,Virginia,3/21/2025,Full Time ,153011,Indeed,eb29e2d04fc442d7adeda9eaa5cc6426,"Numpy, Power BI, Angular, Vue.js"
Software Developer - IOS/macOS,architecture and engineering,Samsung,Dahlgren,Usa,Virginia,3/14/2025,"Part-time, Contract ",99351,LinkedIn,8906d2f3f95c4c27be8d9b07749efc32,"Kubernetes, Kubernetes, Python, Scikit-learn"
Senior Java Software Developer,architecture and engineering,Adobe,Dahlgren,Usa,Virginia,4/18/2025,Full Time ,157040,ZipRecruiter,d4ed205b56f94e8e8f98da2e6ffe50db,"Node.js, GoLang, LoadRunner, Pytest"
Senior Software Developer - .NET  C#  Visual Studio,architecture and engineering,Twitter,Dahlgren,Usa,Virginia,4/26/2025,"Part-time, Contract ",127546,Glassdoor,44152cea692447199db12d2f586b3e4b,"Pytest, Postman, AWS, AWS"
Senior .NET Software Developer (01-002),architecture and engineering,Spotify,Annapolis Junction,Usa,Maryland,3/10/2025,Part Time,141730,Monster,b5c839329e204d7baaa4ed36b0c50136,"Vue.js, Angular, Leadership, Communication"
Junior Software Developer (Specialist) - Remote Location,architecture and engineering,Spotify,Annapolis Junction,Usa,Maryland,4/16/2025,Contract,150993,Glassdoor,11428a34b12f42758643e4bfcb5cfa47,"Communication, Communication, Power BI, Numpy"
New Business Implementations Software Developer,architecture and engineering,HCL Technologies,Annapolis Junction,Usa,Maryland,3/10/2025,Full Time ,94120,ZipRecruiter,d046f3b42193492887db48ecb5c74c1c,"Leadership, Critical Thinking, Power BI, Pandas"
Full Stack Software Developer,architecture and engineering,IBM,Annapolis Junction,Usa,Maryland,4/17/2025,Full-time ,81929,ZipRecruiter,4be93a482c3a45eb83361bbeb4fca1c4,"Terraform, Azure, Angular, Vue.js"
Software Developer - Resiliency Engineer,architecture and engineering,Salesforce,Chicago,Usa,Illinois,3/8/2025,Full Time ,110100,ZipRecruiter,a7728eea5424483296513c55cd565bdd,"SQL, Scikit-learn, Azure, GCP"
Business Software Developer,architecture and engineering,Samsung,Chicago,Usa,Illinois,4/17/2025,Full Time ,113411,ZipRecruiter,01baaa7fadc1455390fcfa7187db586d,"TypeScript, Bootstrap, Express, Flask"
Manufacturing Software Developer,architecture and engineering,Amazon,Chicago,Usa,Illinois,4/24/2025,Full Time,125169,LinkedIn,760f7137aedb42ac9ee0a77bf0426b27,"Flask, Ruby on Rails, Power BI, Numpy"
Software Developer - .Net,architecture and engineering,Samsung,Chicago,Usa,Illinois,3/2/2025,Full Time ,102747,Indeed,7964194b7f904d6d982e4c1519c73c42,"Communication, Problem Solving, LoadRunner, Pytest"
Sr. Software Developer - Virtual,architecture and engineering,Netflix,Pasadena,Usa,California,4/25/2025,Full Time,139956,LinkedIn,c619401a62e244be9cca70a12539e6aa,"Postman, Selenium, Vue.js, TypeScript"
Sr. Software Developer - Retail Sales Team,architecture and engineering,Infosys,Pasadena,Usa,California,4/6/2025,Part Time,96480,ZipRecruiter,8a01e9f6d0864f7795d9f5d2f38da846,"Selenium, Postman, Cypress, CI/CD"
Software Developer/Designer,architecture and engineering,Adobe,Pasadena,Usa,California,3/22/2025,Part Time,134756,Indeed,12b277f60e714bf89aa53e7162a4caa7,"Selenium, Postman, Cypress, CI/CD"
RPG Software Developer * IT,architecture and engineering,Airbnb,Pasadena,Usa,California,4/16/2025,Full Time,119723,Indeed,457dfca09b714f53a5d8ddc4dd5c060d,"Node.js, Express, Power BI, SQL"
Software Developer/Software Engineer - .Net/AngularJS,architecture and engineering,TCS,San Antonio,Usa,Texas,3/27/2025,Part Time,119343,LinkedIn,40fb7605df5f479a859ee37e160c3346,"Teamwork, Teamwork, Docker, Docker"
Sr. Software Developer,architecture and engineering,Capgemini,San Antonio,Usa,Texas,4/15/2025,Part Time,133831,Glassdoor,9e949f96a2bb474dab45a222d4858b3d,"Vue.js, Angular, Express, Django"
Software Developer/Engineer,architecture and engineering,Capgemini,San Antonio,Usa,Texas,4/1/2025,Full Time,81842,Glassdoor,4ff49badec4d40d9817b21439d3c4226,"Selenium, Postman, Cypress, CI/CD"
Software Developer/Guidewire Developer,architecture and engineering,Airbnb,San Antonio,Usa,Texas,4/22/2025,"Part-time, Contract ",100985,Glassdoor,5a2db75131fb4bac8679920e763969ac,"Node.js, Flask, Power BI, Scikit-learn"
Senior Software Developer - .NET  C#  Visual Studio,architecture and engineering,IBM,Lancaster,Usa,Pennsylvania,3/28/2025,Part Time,148824,Glassdoor,a33e190e4e23443ba1dc4f3307751c4a,"Pytest, Selenium, Critical Thinking, Problem Solving"
Sr. Software Developer (Java),architecture and engineering,Uber,Lancaster,Usa,Pennsylvania,3/7/2025,Full-time ,142089,Glassdoor,140f994aa0b4413f98837b4ba1da5a68,"Flask, Flask, Cypress, Cypress"
Intern Software Developer,architecture and engineering,Tesla,Lancaster,Usa,Pennsylvania,3/7/2025,Full Time ,112053,LinkedIn,51620e4bbc644299961e8a07d060a76b,"Docker, GCP, Leadership, Leadership"
Full-Stack Software Developer,architecture and engineering,Spotify,Lancaster,Usa,Pennsylvania,3/18/2025,Contract,115798,Glassdoor,d43eb19656ea48239f9b9c1bd2eda156,"Docker, Terraform, Pytest, Selenium"
Software Developer in Test,architecture and engineering,Accenture,Phoenix,Usa,Arizona,3/13/2025,Full Time,129747,Indeed,b7e3c4b1c6fc4c8dbaf5917f3eea7e17,"Communication, Problem Solving, Bootstrap, Angular"
GIS SOFTWARE DEVELOPER,architecture and engineering,Dell Technologies,Phoenix,Usa,Arizona,3/3/2025,Contract,136822,Indeed,d3038dcfbc5242a281c51ae40ff5046f,"TypeScript, Angular, GoLang, Django"
RPG Software Developer * IT,architecture and engineering,Spotify,Phoenix,Usa,Arizona,3/15/2025,Full Time,154202,Glassdoor,e108196f134d4f3aa17bc6f72e2954dc,"Ruby on Rails, Express, Teamwork, Leadership"
Senior Software Developer,architecture and engineering,Oracle,Phoenix,Usa,Arizona,4/16/2025,Full Time,138124,Monster,926a2c46b4ee464e8003b10e22e11dc6,"Angular, React, Critical Thinking, Communication"
RPG Software Developer * IT,architecture and engineering,Tesla,Collierville,Usa,Tennessee,4/20/2025,Full Time ,102397,LinkedIn,62c083e78189429b844f53ecf01d1e4e,"Communication, Communication, GoLang, Node.js"
RPG Software Developer * IT,architecture and engineering,TCS,Collierville,Usa,Tennessee,3/4/2025,Full Time ,120478,Glassdoor,52ba5f1983e0494e9277675ea9b9e181,"Critical Thinking, Problem Solving, Pytest, Pytest"
Mobile Software Developer,architecture and engineering,Microsoft,Collierville,Usa,Tennessee,4/24/2025,Full Time ,148267,LinkedIn,e1448bb3203047588db99af72128629d,"Power BI, Python, Express, Flask"
Software Developer,architecture and engineering,Cisco,Collierville,Usa,Tennessee,4/17/2025,"Part-time, Contract ",83849,ZipRecruiter,40b855562e2044a99b4f2e7587bbc8ce,"Problem Solving, Communication, Django, Django"
Software Developer - Resiliency Engineer,architecture and engineering,Netflix,Lafayette,Usa,Indiana,4/13/2025,Full-time ,155764,Glassdoor,60633f62d91440beb771941e54c1a067,"Selenium, Postman, Cypress, CI/CD"
Software Developer - .Net,architecture and engineering,Uber,Lafayette,Usa,Indiana,3/10/2025,Contract,99169,Monster,dc0a2698e0bb4868a65ae13fcbc899aa,"Express, Express, Angular, Angular"
Software Developer (.NET C# / Javascript),architecture and engineering,Apple,Lafayette,Usa,Indiana,4/24/2025,Full Time ,83380,Glassdoor,c544da1267f04361ae962a235d036da4,"GoLang, Django, Python, Python"
Java Developer (Java Software Developer),architecture and engineering,Snapchat,Lafayette,Usa,Indiana,4/1/2025,"Part-time, Contract ",106858,ZipRecruiter,0c632e3d25764d51bc9750b4cc7b9c61,"Communication, Leadership, SQL, Power BI"
.Net Software Developer,architecture and engineering,Zoom,West Des Moines,Usa,Iowa,3/10/2025,Full-time ,93972,Indeed,010c783b915942f18d3d25480ad006b6,"Critical Thinking, Problem Solving, Azure, Azure"
Sr. Software Developer - Virtual,architecture and engineering,Infosys,West Des Moines,Usa,Iowa,3/1/2025,Part Time,80135,LinkedIn,d1706cff9c5546feb6a8f28992f6ff28,"Cypress, Selenium, Power BI, Python"
Software Developer IV,architecture and engineering,Microsoft,West Des Moines,Usa,Iowa,3/3/2025,"Part-time, Contract ",141680,Monster,e8a8c7b22b3149d090f87d622e4c9f9a,"Teamwork, Teamwork, HTML/CSS, Angular"
SharePoint Application Developer/ Share Point Software developer,architecture and engineering,Snapchat,West Des Moines,Usa,Iowa,3/31/2025,Full Time,99869,Indeed,029167aa699b47e7beda3f84b6d0e3db,"Flask, Flask, Angular, Vue.js"
.Net Software Developer,architecture and engineering,Google,San Jose,Usa,California,3/27/2025,Full-time ,96406,Indeed,fafc3d85a79d40dd91022ae727fd3abe,"Pytest, Pytest, Problem Solving, Communication"
Software Developer/Engineer,architecture and engineering,Intel,San Jose,Usa,California,4/13/2025,Full Time ,116443,LinkedIn,c398d27f57bd44cc9c49eafd12d36364,"Flask, Node.js, Jest, Jest"
Cloud Software Developer (Java,architecture and engineering,IBM,San Jose,Usa,California,3/26/2025,Full Time ,126548,LinkedIn,b557d07637a94a27923a910545ec3fa4,"AWS, Azure, Vue.js, HTML/CSS"
Full Stack Software Developer,architecture and engineering,TCS,San Jose,Usa,California,4/7/2025,Contract,132784,Indeed,760e43e0fcba41069101ee2c42f670b2,"Numpy, SQL, GCP, AWS"
Business Software Developer,architecture and engineering,Cisco,Herndon,Usa,Virginia,4/17/2025,"Part-time, Contract ",116186,LinkedIn,e058500bbc644864a2e318def2b0076d,"Cypress, Pytest, Python, Numpy"
Senior Java Software Developer,architecture and engineering,Intel,Herndon,Usa,Virginia,4/15/2025,Full Time,97606,ZipRecruiter,941d054ea1d9443eb274c99e21716328,"Leadership, Leadership, TypeScript, Bootstrap"
Software Developer - Resiliency Engineer,architecture and engineering,HCL Technologies,Herndon,Usa,Virginia,4/25/2025,Full Time ,138634,LinkedIn,e50637b0d89040bda16ddf81c744cd96,"Teamwork, Teamwork, Pytest, Selenium"
Sr. Software Developer (Java),architecture and engineering,Oracle,Herndon,Usa,Virginia,3/14/2025,Part Time,151938,Monster,6eec59284c1a480998acf19e75b9a56a,"Selenium, Postman, Cypress, CI/CD"
Full-Stack Software Developer,architecture and engineering,Zoom,Mesa,Usa,Arizona,4/4/2025,Full Time ,114659,Monster,59abe9263fbd4c8ca6b5d2891aa7e54a,"HTML/CSS, Vue.js, Postman, Cypress"
Senior Java Software Developer,architecture and engineering,Microsoft,Mesa,Usa,Arizona,4/10/2025,Full Time ,146181,Glassdoor,2074599b0df345ed860edf3d7e9e2baa,"Jest, Postman, Pandas, Pandas"
Software Developer 2,architecture and engineering,Accenture,Mesa,Usa,Arizona,4/7/2025,Full Time,139255,LinkedIn,db9afe0a8db948b0b892ce411f8aef42,"React, HTML/CSS, Azure, AWS"
Senior C++ Software Developer,architecture and engineering,TCS,Mesa,Usa,Arizona,3/21/2025,Full Time ,117091,Monster,b34bec7365eb4740929d2440c2259b9b,"Communication, Critical Thinking, Docker, Terraform"
R&D Software Developer Intern,architecture and engineering,IBM,Santa Barbara,Usa,Ohio,3/10/2025,Part Time,122646,Monster,2ef157c1f9b548c1b433f7dd15e2f692,"Bootstrap, Angular, Postman, Cypress"
Software Developer/Software Engineer - .Net/AngularJS,architecture and engineering,Wipro,Santa Barbara,Usa,Ohio,3/3/2025,Full Time,84863,Indeed,3f6dc13cf3eb490cbc8b179fb5489f74,"Communication, Critical Thinking, Angular, React"
RPG Software Developer * IT,architecture and engineering,Uber,Santa Barbara,Usa,Ohio,4/15/2025,Full Time,123300,Indeed,35cce61ff65c46d39b7a8506106cfc60,"Selenium, Postman, Cypress, CI/CD"
Software Developer/ Adaptive Technology Specialist,architecture and engineering,Slack,Santa Barbara,Usa,Ohio,3/21/2025,"Part-time, Contract ",156193,LinkedIn,d3edfbe1495349dfa6b83a63a71013af,"Selenium, Selenium, Django, Flask"
Software Developer 2,architecture and engineering,Dell Technologies,Fort Belvoir,Usa,Ohio,3/19/2025,"Part-time, Contract ",130568,LinkedIn,0275035e69e642499f9b2475bb23cdac,"Selenium, LoadRunner, Critical Thinking, Problem Solving"
SharePoint Application Developer/ Share Point Software developer,architecture and engineering,Airbnb,Fort Belvoir,Usa,Ohio,4/15/2025,Full-time ,140240,LinkedIn,354dec6927f34b1c9484b579f0780745,"Cypress, Postman, Terraform, Azure"
Software Developer IV,architecture and engineering,LinkedIn,Fort Belvoir,Usa,Ohio,3/10/2025,Full Time,151960,LinkedIn,206b6fd0fbf046d3ace8de6dab1d871e,"Pytest, Jest, Problem Solving, Problem Solving"
Software Developer/Software Engineer - .Net/AngularJS,architecture and engineering,Amazon,Fort Belvoir,Usa,Ohio,3/11/2025,Full Time,145085,Glassdoor,1292222b80be438c94977af84b9cd1e7,"Teamwork, Teamwork, Node.js, Flask"
Senior C++ Software Developer,architecture and engineering,TCS,Tarrytown and Affiliates,Usa,Ohio,3/8/2025,Full Time,85321,Indeed,dccae672fc89463badb64d58a75982bf,"Pandas, Pandas, Cypress, Jest"
Junior-Midlevel Software Developer,architecture and engineering,Intel,Tarrytown and Affiliates,Usa,Ohio,3/7/2025,Full-time ,91226,Glassdoor,9d810a77202040afae004f95466c5d53,"Pandas, Numpy, Bootstrap, Vue.js"
Senior Software Developer & Founding Team Member,architecture and engineering,Wipro,Tarrytown and Affiliates,Usa,Ohio,4/1/2025,Full Time ,155054,LinkedIn,39b752b9ea564872a9dd268af04c0cc5,"Vue.js, Angular, Azure, Azure"
Software Developer (.NET C# / Javascript),architecture and engineering,Wipro,Tarrytown and Affiliates,Usa,Ohio,3/20/2025,Contract,150414,Glassdoor,efa2375d3fd04845b3e39cd2914cc8e5,"Problem Solving, Leadership, Vue.js, Vue.js"
Software Developer/ Adaptive Technology Specialist,architecture and engineering,IBM,Grand Rapids,Usa,Ohio,4/10/2025,"Part-time, Contract ",157119,ZipRecruiter,8f836126a3494c708f9fd5318d8a460b,"Leadership, Teamwork, SQL, Scikit-learn"
Software Developer,architecture and engineering,Spotify,Grand Rapids,Usa,Ohio,4/27/2025,Full Time,148589,LinkedIn,68878fb8557e4e4eadaa6e6bd0f40ecf,"Power BI, Numpy, Bootstrap, Angular"
R&D Software Developer Intern,architecture and engineering,Intel,Grand Rapids,Usa,Ohio,4/22/2025,Full-time ,150385,Glassdoor,e6a94a160b6b4d9998cfa7253e514182,"Numpy, SQL, React, TypeScript"
Java Developer (Java Software Developer),architecture and engineering,Spotify,Grand Rapids,Usa,Ohio,3/3/2025,Full Time ,101773,LinkedIn,40b16eebf8b843ccafb9afc11af81d1c,"Selenium, Postman, Cypress, CI/CD"
Lead Software Developer,architecture and engineering,Spotify,Tarrytown,Usa,Ohio,4/13/2025,Full Time ,120832,Indeed,a5f27dd19c914c2cab172431c2af355d,"Selenium, Postman, Cypress, CI/CD"
Software Developer III,architecture and engineering,Amazon,Tarrytown,Usa,Ohio,3/11/2025,"Part-time, Contract ",129194,Monster,bb60addcb12b4dda92617e9456b2789f,"Power BI, Scikit-learn, GoLang, Node.js"
Software Developer-SR,architecture and engineering,Spotify,Tarrytown,Usa,Ohio,3/4/2025,"Part-time, Contract ",113181,Monster,bd28f8f008e44b1cbd9b44a08541ab95,"GoLang, Flask, Leadership, Teamwork"
Software Developer/Guidewire Developer,architecture and engineering,LinkedIn,Tarrytown,Usa,Ohio,4/13/2025,Part Time,132136,Indeed,cf1fbefe71fe4f03a3ada83ee7ab2ab1,"Selenium, Selenium, Django, Express"
Cloud Software Developer (Java,architecture and engineering,IBM,Mason,Usa,Ohio,4/16/2025,Full-time ,91208,Monster,ff203ef7b37647b9825c2312d43b7559,"GCP, AWS, Flask, Django"
Software Developer - Single Sign On,architecture and engineering,Shopify,Mason,Usa,Ohio,3/17/2025,Full Time ,113828,LinkedIn,a1812296fb394bc1ad05ffbb23d93f4c,"Selenium, Postman, Cypress, CI/CD"
Software Developer,architecture and engineering,Wipro,Mason,Usa,Ohio,4/2/2025,Contract,93808,Indeed,d4d2adf2af0e4ef99c28344314227256,"Pandas, Pandas, Kubernetes, GCP"
R&D Software Developer Intern,architecture and engineering,Oracle,Mason,Usa,Ohio,4/17/2025,Full Time,144379,Glassdoor,727cbc174d0f4c439fc62c5de51fd7e7,"Leadership, Communication, Node.js, Django"
